fan_state,window_start,window_end,timestamp_start,timestamp_end,timestamp_mean,accel_x_g_mean,accel_x_g_std,accel_x_g_skew,accel_x_g_kurtosis,accel_x_g_rms,accel_x_g_peak,accel_x_g_root_amplitude,accel_x_g_crest_factor,accel_x_g_shape_factor,accel_x_g_impulse_factor,accel_x_g_clearance_factor,accel_y_g_mean,accel_y_g_std,accel_y_g_skew,accel_y_g_kurtosis,accel_y_g_rms,accel_y_g_peak,accel_y_g_root_amplitude,accel_y_g_crest_factor,accel_y_g_shape_factor,accel_y_g_impulse_factor,accel_y_g_clearance_factor,accel_z_g_mean,accel_z_g_std,accel_z_g_skew,accel_z_g_kurtosis,accel_z_g_rms,accel_z_g_peak,accel_z_g_root_amplitude,accel_z_g_crest_factor,accel_z_g_shape_factor,accel_z_g_impulse_factor,accel_z_g_clearance_factor,gyro_x_dps_mean,gyro_x_dps_std,gyro_x_dps_skew,gyro_x_dps_kurtosis,gyro_x_dps_rms,gyro_x_dps_peak,gyro_x_dps_root_amplitude,gyro_x_dps_crest_factor,gyro_x_dps_shape_factor,gyro_x_dps_impulse_factor,gyro_x_dps_clearance_factor,gyro_y_dps_mean,gyro_y_dps_std,gyro_y_dps_skew,gyro_y_dps_kurtosis,gyro_y_dps_rms,gyro_y_dps_peak,gyro_y_dps_root_amplitude,gyro_y_dps_crest_factor,gyro_y_dps_shape_factor,gyro_y_dps_impulse_factor,gyro_y_dps_clearance_factor,gyro_z_dps_mean,gyro_z_dps_std,gyro_z_dps_skew,gyro_z_dps_kurtosis,gyro_z_dps_rms,gyro_z_dps_peak,gyro_z_dps_root_amplitude,gyro_z_dps_crest_factor,gyro_z_dps_shape_factor,gyro_z_dps_impulse_factor,gyro_z_dps_clearance_factor,collection_id
LOW,0,100,1770047573.9532,1770047672.9513,1770047623.488183,0.2667943930000001,0.09205344475098393,-0.25465156515800175,-1.2021760205415548,0.2822287810035697,0.413086,0.2578305441669601,1.4636565361304352,1.05785124578525,1.548330890147305,1.602160835267458,-0.04083495469999999,0.1261716745331653,-0.21038681922714278,-0.9726985988313515,0.13261517628029623,0.306396,0.09960195001843052,2.31041430245057,1.1878232300747,2.744363779547621,3.0762048327698803,-1.0893631000000001,0.02700593748400527,0.26656066094705594,-0.5507298318955614,1.0896977949417903,1.14575,1.089195100231076,1.0514383027279632,1.0003072391030963,1.0517613456890544,1.0519235715960582,-0.92488569,1.4868954284433535,-0.06567727725793468,-0.6054793418228162,1.7510772554894658,4.42748,1.1826526190043998,2.528432132917185,1.2421002049840708,3.1405660705847467,3.743685955498255,0.515877207,3.164103216784584,0.18655573819786864,-1.171167383884087,3.2058818535885996,6.89313,2.365153994615336,2.150150977112263,1.1762563742400924,2.5291287924068624,2.9144529344361296,1.1263355299999998,12.90378773574274,-0.10868278309198554,-1.002173349135916,12.95285179623565,26.2672,9.581778862925526,2.0279086345783526,1.1815743330989172,2.396124792487453,2.741369882959295,col_20260201_134448_1hz
LOW,20,120,1770047594.0724,1770047694.1662,1770047643.6961288,0.26989256799999994,0.09292660541060765,-0.3649319998438561,-1.1049756097936225,0.2854423799206653,0.406494,0.2606195046273346,1.4240842586618685,1.057614820726243,1.5061326179237366,1.559722095939268,-0.03751708308,0.13097997689601887,-0.16854667615866506,-1.0586406133370474,0.13624714995372658,0.306396,0.10252355943781305,2.2488250220577886,1.178826357697663,2.650974209851749,2.988542357289578,-1.0881741,0.0258568054908181,0.3289925119847207,-0.3643295859208653,1.0884812567522695,1.13574,1.0880198323164076,1.0434171401248908,1.0002822680233516,1.043711663418565,1.0438596487547434,-0.893588055,1.504495696668834,-0.18379376857728322,-0.35886338345244306,1.7498591124241185,4.99237,1.235602720526993,2.8530125451551123,1.2257056069227106,3.4969534732174545,4.040432994409983,0.43725144200000005,3.0763130744670284,0.12220685000734634,-1.1106688824372208,3.107232040847265,6.89313,2.3049235929434126,2.218414945965997,1.1726418178821785,2.6014061350545616,2.990611064550473,0.53999917,12.873337896191073,-0.043035213498575746,-1.0153081085258937,12.884658617639424,26.2672,9.555968043099977,2.0386415177534882,1.182360344325726,2.410408886887735,2.7487743660849313,col_20260201_134448_1hz
LOW,40,140,1770047614.0538,1770047714.1746,1770047663.9329069,0.264028318,0.09265430983237788,-0.287552189459957,-1.1171473781349768,0.2798138199525238,0.426025,0.2547185933236944,1.5225302312526376,1.0597871549237525,1.613557982064636,1.6725320065607097,-0.04356198658,0.13710456397792925,-0.0809765154438835,-1.018270406546813,0.1438586394290388,0.306396,0.10561670512037939,2.129840802165629,1.1903215281084911,2.535195358261606,2.901018353590724,-1.0891286,0.026023034643177196,0.4863041670512818,0.104265024528015,1.089439445618709,1.13574,1.0889721693401395,1.0424994290113996,1.000285407635709,1.0427969663086618,1.0429467639087593,-1.0181681679999997,1.5041989046908748,-0.12798357242368955,-0.5373383107983867,1.8163922382573934,4.99237,1.300318433606474,2.7485087718661303,1.2171217832557324,3.3452698977077278,3.839344172145207,0.5964879889999999,3.0900408210438988,-0.04662291076176941,-1.0743058899961055,3.147085984961154,6.50382,2.402880377045391,2.066616556102861,1.1618426397157349,2.401083234822789,2.7066765628995526,0.92717485,12.697800288908612,-0.01958283516126441,-1.1405186248163584,12.73160576594642,24.145,9.705247887590959,1.8964614867812908,1.1636693016972557,2.2068540140185235,2.4878292939711075,col_20260201_134448_1hz
LOW,60,160,1770047634.0222,1770047734.2833,1770047684.176364,0.261706508,0.0922418916444114,-0.17531841149879177,-1.1603861593296527,0.2774866895973452,0.426025,0.2526297723838771,1.535298866472462,1.0602972456357302,1.6278731593484101,1.686361017468062,-0.039746071880000004,0.13601144209173294,-0.10501944350724013,-0.9727101185795455,0.141699903351283,0.306396,0.1039014626441934,2.162287995641218,1.193949619417042,2.581662929465871,2.9489094012972794,-1.0874926999999999,0.026421638550816647,0.5841204455284155,-0.002178349251678924,1.0878136216912344,1.13574,1.087330991778387,1.0440575272759078,1.00029510238665,1.0443656311440068,1.0445209495430985,-0.7903054119999999,1.3761994159837383,-0.17005929250679463,-0.24315565449604648,1.586980616387759,4.99237,1.1172847838501958,3.145829223398767,1.224420880648694,3.8518189880843154,4.468305728460875,0.507556871,3.1444522728197164,-0.07148050436836925,-1.058723777988205,3.1851521271895926,6.50382,2.4755922548786637,2.0419181691452275,1.1545195543871298,2.357434454736532,2.6271773904538946,0.7982429699999999,12.759237931130027,0.017201327417061197,-1.190236871684518,12.784183369396017,24.145,9.67953325592046,1.8886618959018202,1.1623358244445827,2.1952593818701107,2.4944384570642164,col_20260201_134448_1hz
LOW,80,180,1770047653.9767,1770047754.1956,1770047704.4179404,0.256533194,0.09669997805554749,-0.13265553175683087,-1.309488232233951,0.2741535434383167,0.426025,0.24638472589682162,1.5539649594055078,1.068686430646931,1.6607012658174753,1.72910475050473,-0.03891112468,0.1356447369072892,-0.09842473416581954,-0.9448010929673583,0.1411154501623058,0.295166,0.10160832528898012,2.091663242122042,1.2042856084642148,2.5189599402411753,2.9049391293531346,-1.0884177000000002,0.02463249779681306,0.5873638658398128,0.12032645514154083,1.0886963991953864,1.13574,1.0882773395604157,1.0432109455302523,1.00025605904368,1.043478069127321,1.0436126515863646,-0.6704579789999998,1.4761628812428091,-0.16582724702989385,-0.07991341272268526,1.6212867585852404,4.99237,1.1491704593342753,3.079264031217043,1.2216769207313984,3.76186579977619,4.3443250385083205,0.5465647210000001,2.9581053788123284,-0.21996764377432837,-0.8294785914221974,3.008175597667171,6.50382,2.3389857715079434,2.162047988502961,1.1573983120491718,2.502350692462634,2.7806154612932894,1.12442657,12.697646003917644,-0.02641399609291212,-1.2051388136844123,12.747334982345434,24.145,9.838534053279657,1.8941214013313286,1.1513066249672115,2.1807145178449368,2.4541257741493823,col_20260201_134448_1hz
LOW,100,200,1770047674.0233,1770047774.1524,1770047724.6597052,0.260051244,0.09765338819782682,-0.13329620921374133,-1.251540932204184,0.27778198957539163,0.426025,0.24981168374250354,1.533666745821814,1.0681817371940416,1.6382348088286782,1.705384606586818,-0.04770019488,0.13182281741275445,-0.025641917847455006,-0.9533402327190754,0.14018760209885317,0.295166,0.10028132820534898,2.1055071602684516,1.2049535192446519,2.5370382625602845,2.9433794434351728,-1.0875705,0.02437919909984739,0.4199004819801142,0.12849518366767176,1.0878437101987581,1.13965,1.0874331707940719,1.0476229161556456,1.000251211483539,1.0478860910626024,1.0480184259670855,-0.7787785729999999,1.4514180116090372,-0.06028190871475734,-0.02534222478220638,1.6471521818541985,4.99237,1.1824824003330325,3.030909988159134,1.2145498487810193,3.681191267787557,4.221940215426425,0.39809165500000004,2.979245748832772,-0.2273015968583936,-0.7874646574274204,3.005724903865752,6.50382,2.3056614000079527,2.163810797067704,1.166355375862861,2.523772355510019,2.8208044771784646,0.7871740900000003,12.94562791536626,-0.015796447922278432,-1.1466962504483162,12.969538356128082,25.3206,9.905455387625167,1.9523131282491688,1.1585315820146573,2.2618164170584945,2.5562277562355074,col_20260201_134448_1hz
LOW,120,220,1770047695.2064,1770047794.1515,1770047744.6950672,0.257690389,0.09485506214409002,-0.053833447751243386,-1.2810130244685887,0.27459391726207355,0.426025,0.24816223287041475,1.5514728230246995,1.0655962697237944,1.6532436527929646,1.7167197243202656,-0.04926268889999999,0.1345902846336363,-0.016808435769459926,-0.9709505283843716,0.14332256359492535,0.295166,0.1036614044767722,2.0594524169567046,1.1998717318447276,2.471078738185651,2.8474049863576654,-1.0898559,0.024117713411308292,0.27577683657736496,0.003971738972143424,1.090122721011263,1.14526,1.0897220078929302,1.0505789650339443,1.000244822284545,1.050836170176259,1.050965284453103,-0.9051906420000002,1.4231833150673419,0.15595705399940404,-0.43533807783556355,1.686659671258681,4.36641,1.2018747112327943,2.588791369358786,1.2091082329322116,3.130128958035562,3.6329993128162745,0.5436643399999999,3.112378856558263,-0.25641219443532504,-0.9594836404532483,3.1595051924848234,6.50382,2.49748377882984,2.058493214529269,1.1458891818086963,2.3588051053556964,2.6041490459839025,0.84847279,12.753490699541993,0.05596770869311695,-1.1512227424100843,12.781683421939167,25.3206,9.890229249187938,1.981006661183484,1.1522084459354194,2.282532606469936,2.560163102597345,col_20260201_134448_1hz
LOW,140,240,1770047715.211,1770047814.1602,1770047764.696264,0.26082270900000004,0.0936909109603051,-0.1360936606824499,-1.2772945562981317,0.27713980646357983,0.423828,0.2515106777597629,1.529293122515394,1.0625601103758944,1.6249658690570532,1.6851292508735178,-0.044807123100000006,0.12401808383948754,-0.060741068460116676,-0.9053054345710998,0.13186418543227238,0.295166,0.09566707550236139,2.2384091558477195,1.2016725273645907,2.6898347875835693,3.0853456996572897,-1.0904490000000002,0.02425215279104104,0.1887645143430427,-0.548086639153861,1.0907186569028697,1.14526,1.0903138245471615,1.0500049602635404,1.0002472897887655,1.0502646157683666,1.050394825981097,-0.9154960280000002,1.4298588988403067,0.14699438900221862,-0.3491089432119856,1.6978308066107737,4.36641,1.2052160383285033,2.5717580238258666,1.2121415099136597,3.1173346541328555,3.6229272272676614,0.6449619999999999,3.130192700162525,-0.3157458097351856,-0.804753120721875,3.1959477970697145,7.17557,2.4912957268950877,2.2452087629776374,1.1549813711290107,2.5931742955347814,2.8802562146818844,1.5325193600000002,12.391261860787594,0.014661268642105511,-1.1729621997069266,12.485671231110647,25.3206,9.661057665841932,2.027972668134049,1.1530816280821488,2.3384180258781084,2.6208931646816107,col_20260201_134448_1hz
LOW,160,260,1770047735.227,1770047834.182,1770047784.6925247,0.26219480900000003,0.09562773606147967,-0.19148793266344477,-1.3273672769307094,0.2790892003836596,0.423828,0.2524372791992138,1.5186112519487325,1.064434499859452,1.6164622084489855,1.6789437809838346,-0.050246569799999995,0.12569721241333687,0.04616101735220431,-0.9374098055923406,0.13536804270266228,0.302246,0.09972925926950811,2.232772181421633,1.1881362840922196,2.652837642858778,3.0306652452236826,-1.0910204000000001,0.02412450409521406,0.12994328459801732,-0.5255428828486521,1.0912870863865292,1.14526,1.0908868022326397,1.0494580338086708,1.0002444375802038,1.0497145607909806,1.0498431163124153,-0.9676334290000002,1.4755600875427064,0.20880523328248238,-0.38457201536079655,1.7645373401737172,4.36641,1.2904369306527246,2.4745353360275906,1.1973189724398112,2.962808105798558,3.383667885102604,0.7261069599999999,3.022780881298441,-0.37073143252002316,-0.7080993902352462,3.1087675329145825,7.17557,2.43392369326084,2.3081719440348896,1.1530254274190923,2.6613809423275856,2.9481491222868033,1.3570233800000002,12.688386533465719,0.03699661557989965,-1.2809417295700345,12.760747050094709,25.3206,10.209364671238205,1.984256869962176,1.1331050385336705,2.248371457099192,2.480134740541997,col_20260201_134448_1hz
LOW,180,280,1770047755.1549,1770047854.1632,1770047804.692753,0.26904050999999995,0.09453942655553661,-0.29149226408292983,-1.1926762030670688,0.28516749322899654,0.423828,0.25954543101949296,1.4862423314836086,1.0599425834756133,1.575331536503555,1.6329626699079465,-0.037058079,0.12844781943764283,0.04588875937363442,-0.9507456857947005,0.13368673658016916,0.302246,0.10088542048642173,2.260852555247688,1.1742345780397438,2.6547712462213453,2.995933391987791,-1.0885695,0.02645033959611861,0.17975189068960948,-0.5213321640213073,1.088890801134347,1.14526,1.088408406623573,1.0517675407000688,1.0002951590452855,1.0520779794032444,1.0522336955782896,-0.981679328,1.3428750345180662,0.14800072487085475,-0.4952357997998713,1.6634324937773788,3.55725,1.1925928020106764,2.1384997667816843,1.2116862295543445,2.5911907193145436,2.982786743306333,0.60038171,3.1146874510796723,-0.1943166910491409,-0.9172886257192259,3.1720239777807024,7.17557,2.4578114705999017,2.262142420821285,1.1580279877918278,2.6196242356822066,2.919495691933031,0.7789306500000001,12.859878320106228,0.10992773611849163,-1.276281484488287,12.883446874398466,25.3206,10.155864177509509,1.9653591346207364,1.140467583404065,2.241428382782016,2.4931999441340786,col_20260201_134448_1hz
LOW,200,300,1770047775.1543,1770047875.1194,1770047824.7890613,0.268884257,0.09465985985114732,-0.21013019096842675,-1.3501219224326424,0.28506005109359134,0.415771,0.25958882274216843,1.4585382918615049,1.0601589482183456,1.5462824214360753,1.6016521651741396,-0.0288402962,0.13038331910069767,0.009253170739287017,-0.9310251650970143,0.13353491148242128,0.302246,0.09990424575662496,2.26342307524417,1.1767872145230611,2.6635673360038084,3.0253569076162825,-1.0874755,0.02620686453488856,0.2719072317797563,-0.5568973482733282,1.0877912312796973,1.14526,1.0873170290910115,1.0528306967989578,1.000290334154376,1.0531363695090141,1.0532898587612745,-0.8713740469999999,1.4059393743171413,0.05856548805312419,-0.7230615454927141,1.6540732311601063,3.55725,1.181841110384889,2.1506000659384803,1.213709514654663,2.610203762246479,3.009922373441142,0.6304579919999999,3.080078865747744,-0.07783701695032844,-1.0154255502727223,3.1439406958310423,7.17557,2.459175681998983,2.282349030792793,1.1513692144059675,2.62782641058412,2.917876121061515,1.3809925400000003,13.026634679810682,0.07444270800305844,-1.308042397404599,13.099631730578613,25.1069,10.223651292950466,1.9166111320055426,1.1438747089408536,2.19236300077564,2.455766465481076,col_20260201_134448_1hz
LOW,220,320,1770047795.2831,1770047895.1136,1770047844.975138,0.270698235,0.09911132292376121,-0.29737699735743617,-1.2571938451306703,0.2882717273057025,0.43335,0.26021396437767225,1.5032691691629088,1.0649191240781548,1.6008600868786602,1.665360277786782,-0.020895952799999992,0.1295795678135126,-0.023951149399681532,-1.0313355478113042,0.1312535913343194,0.302246,0.10101290536811368,2.302763657187417,1.159126947802306,2.6691954094657264,2.992152328443062,-1.0835692000000001,0.02650519227170405,0.286572774478045,-0.7078348857329786,1.0838933233515187,1.13647,1.0834064818364324,1.0485072428400135,1.0002991256594582,1.0488208782604747,1.048978401969335,-0.6573282479999998,1.3932685226176396,0.11221508037180336,-0.22412564312179528,1.540544579600308,3.55725,1.1195524213274397,2.30908605119556,1.2108436859636542,2.7959422654368913,3.1773858304751927,0.6575571939999999,3.0593107374299318,-0.035324284735584834,-0.8981007547605286,3.1291793894782107,7.17557,2.3405807199718702,2.2931155766037827,1.1782768910741406,2.7019250924743905,3.0657220828881466,0.7652668270000003,13.148310812753117,0.05854144231200543,-1.23440865619147,13.170562271416781,25.3893,10.113902310235167,1.9277309105550302,1.1511580970985795,2.2191230467126406,2.510336685208664,col_20260201_134448_1hz
LOW,240,340,1770047815.1689,1770047917.2499,1770047865.311822,0.26872802,0.10211358650662213,-0.248239326241626,-1.2696344624311589,0.2874751002823823,0.43335,0.2574749926847431,1.5074349033162422,1.069762283376264,1.6125970042126607,1.683076074617473,-0.0210424412,0.1307371810984653,-0.06879603914997462,-1.0335749163166519,0.13241976760751534,0.302246,0.10032204771087651,2.2824839935970886,1.1667090572950958,2.6629947484608048,3.0127574834901596,-1.0830883999999998,0.025992901597166874,0.22799854768906128,-0.5482187065710349,1.083400255283337,1.13672,1.0829319595119378,1.0492151856681244,1.0002879315144888,1.0495172877855585,1.04966890118591,-0.6992365590000001,1.4776143481215998,-0.038032383762411984,-0.2078934414874345,1.634709737909755,4.38168,1.1579999912550778,2.6804024582386705,1.2305882293225614,3.2984717149557663,3.783834225465748,0.633969434,2.907315645671045,-0.0590035256515123,-0.9366394294745466,2.975634639334931,6.76336,2.2693136535431613,2.2729134520062058,1.1666362136972992,2.651663143710178,2.9803548704869955,0.950380827,13.504812732537461,0.03265994084610522,-1.0877720032105382,13.538212240071994,28.0992,10.19388944738447,2.07554731021491,1.1667651798665155,2.421676330724362,2.756474861242452,col_20260201_134448_1hz
LOW,260,360,1770047835.2425,1770047937.3503,1770047885.858667,0.268784173,0.10165974539687167,-0.273750401123217,-1.1625772753083154,0.2873667264828179,0.43335,0.25747099540422635,1.5080033979713745,1.069135594091762,1.6122601087825212,1.6831022046566673,-0.019943821800000004,0.12896900074547935,-0.1739356974444865,-0.895254720642221,0.13050195087153912,0.301025,0.09689724065675016,2.3066704979477044,1.1827325556084813,2.7281742929843764,3.1066416129057193,-1.0845407999999999,0.026017734362545866,0.11336545111533539,-0.390709055052346,1.0848528330451095,1.14111,1.0843844810191314,1.0518569572215435,1.0002877098262322,1.0521595868039268,1.0523112604189582,-0.7140454599999998,1.488722496348906,0.030758327940818002,-0.24332835713833445,1.6511073829651204,4.38168,1.1903400995125675,2.6537825735666054,1.2191132947207353,3.2352616167332564,3.681032002361556,0.7514502190000002,3.0031198433827595,-0.055743639343794324,-1.0983600166126477,3.095707709935555,6.76336,2.4051702836394004,2.184754063923172,1.1514416242670358,2.515616767987704,2.812008798714232,1.0593126970000002,13.372890046016092,-0.04194390196963365,-0.8980460615384258,13.414780340089873,28.0992,9.78321132912814,2.0946448087581393,1.191115862986685,2.494964659034531,2.8721857327499993,col_20260201_134448_1hz
LOW,280,380,1770047855.1846,1770047957.3128,1770047906.4902244,0.26707031600000003,0.0998662100019318,-0.2084111196448667,-1.2049992912661445,0.28513122170062294,0.43335,0.2563090898143978,1.519826546582125,1.0676260318672888,1.6226063850540393,1.6907320778744273,-0.025671366800000005,0.12541269810039957,-0.18985325368994518,-0.893506999388582,0.12801313963106328,0.301025,0.09229649561915268,2.351516421420182,1.2006637266030091,2.8233804697105276,3.2614997783028885,-1.0860811000000001,0.02520780815124552,0.24136878566852352,-0.386110348285881,1.0863735956700162,1.14111,1.0859343629408997,1.0503845127938933,1.000269312917807,1.0506673949118532,1.050809366516108,-0.617098908,1.6071535856767694,0.17868143733628564,-0.20089825653058213,1.7215556076434153,4.38168,1.236374012126232,2.5451864468078074,1.217599612332919,3.099018030948186,3.543976140734861,0.859923449,3.0131242041023754,-0.0884089603333762,-1.012870916278365,3.133430357848668,6.76336,2.398260886467749,2.158452311875713,1.1618766487369354,2.5078553385806437,2.8201102049249265,1.409846797,13.385720588964675,-0.10601287219529844,-0.9314097380211424,13.45976165007553,28.0992,10.104330851177,2.0876446946474956,1.1755409035112834,2.454111730556454,2.7809065651019207,col_20260201_134448_1hz
LOW,300,400,1770047876.1127,1770047977.3569,1770047927.022597,0.26945313600000004,0.09780277540640299,-0.3051848734602306,-1.0599875801138756,0.28665375521250336,0.43335,0.2590098849544938,1.5117541358519695,1.063835290499285,1.6082574002775754,1.673102167803891,-0.029277333399999998,0.12466782863395447,-0.21750110792396532,-0.9727098270829817,0.12805947738187828,0.301025,0.0935719000257114,2.3506655356895756,1.1961951373465844,2.811854683320074,3.2170448598060446,-1.0856444000000003,0.025280892560192565,0.16709710567758823,-0.4456637201212241,1.0859387122577406,1.14111,1.0854968786006949,1.0508051578965765,1.0002710945294244,1.0510900254263733,1.0512328708590997,-0.583434879,1.5703433553706814,0.17638109277007408,-0.08008085211576432,1.6752237199223852,4.38168,1.1953242853180386,2.6155790106667114,1.2247017651789842,3.203304231328623,3.665683073471708,0.879236787,3.117423695258525,-0.1737845699493732,-0.8936865691615212,3.239041188897326,6.94656,2.4466596362937674,2.144634660346765,1.1717508154399554,2.512977412082114,2.8392016187926905,1.026260457,13.267816980542676,-0.15298742320405762,-0.9148659657323797,13.307448213492265,28.0992,10.01106925866835,2.1115393086039256,1.1745560757429443,2.480121324090797,2.806813066013859,col_20260201_134448_1hz
LOW,320,420,1770047896.1327,1770047997.3,1770047947.461282,0.26692628799999996,0.09317959388690453,-0.24023437878889584,-1.037048252507983,0.28272262014629707,0.415283,0.25759302919353727,1.4688707956410014,1.0591786304176123,1.5557965575874644,1.6121670733876328,-0.03739746339999999,0.1257513842433969,-0.25449439723376266,-0.9673261100383632,0.13119443931769667,0.301025,0.09347175417237662,2.2944951140120087,1.215389696101369,2.7887057193251312,3.220491609100034,-1.0874095,0.024389382664389034,0.1498909294697655,-0.4912277648106871,1.0876829789405549,1.14111,1.0872724636060194,1.0491200304628148,1.0002514958169437,1.0493838797619481,1.0495161407982545,-0.7029768430000002,1.589761150290392,0.12356083376579176,-0.3817120470058075,1.7382511201684518,4.38168,1.2094727530995473,2.520740501277731,1.2316020481346783,3.104549164189689,3.6228017446205008,0.67717578,3.1287017947289266,-0.09529453736776436,-0.9984600774160706,3.201146975282237,6.94656,2.4589888353481837,2.1700221994297966,1.161474237852717,2.5204248802061997,2.8249660592771226,1.2596197700000002,13.329606359047904,-0.13770027394541445,-0.8975148873244132,13.388989792069646,28.0992,9.90942435933566,2.098679619327462,1.1845383064033133,2.485966401961302,2.835603661834077,col_20260201_134448_1hz
LOW,340,440,1770047917.5072,1770048017.4014,1770047967.7595649,0.268464363,0.0913072271695901,-0.24266955935286838,-1.1143125436621308,0.2835667891950588,0.415283,0.259696662030852,1.4644980153664497,1.0562548638720395,1.5468831518617614,1.5991079621603466,-0.036508798300000006,0.12957262999658048,-0.2218047234450593,-1.0125809648841846,0.13461782496215285,0.307373,0.10029997767234151,2.283300893372898,1.1890165434147568,2.7148825358140694,3.0645370730203108,-1.0870335999999998,0.02470285807432007,0.29639129325084396,-0.531792801461894,1.0873142502174797,1.14111,1.0868927322628903,1.0494758068072412,1.000258179892029,1.0497467603577297,1.0498828137568188,-0.6725190719999999,1.5496883052313841,0.06060447648176337,-0.009003152063458586,1.6893240499012203,5.21374,1.1628409979198375,3.086287678379327,1.2413138493484601,3.8310516382457647,4.483622446513894,0.5902292900000002,3.1500372078684147,-0.08181266801933684,-1.0299294139034976,3.2048564750592723,6.94656,2.4822036952959645,2.167510481064999,1.156956057869668,2.5077143815641487,2.798545507431343,1.1945799799999999,13.0484279153638,-0.07904724983720057,-0.9187596726878908,13.102995550295438,25.6641,9.56101611549804,1.9586437239857983,1.192016733476676,2.3347360939101436,2.6842439851554567,col_20260201_134448_1hz
LOW,360,460,1770047938.4254,1770048037.3231,1770047987.843679,0.265195326,0.09275037573994686,-0.1837972506962608,-1.2557181907005543,0.2809469578624186,0.408691,0.25619421137258247,1.4546909605625218,1.0593963404257682,1.541094280070381,1.595239009540469,-0.03247317200000001,0.13144715487669414,-0.082569696700604,-1.1336991392865037,0.13539889742874275,0.307373,0.10349579715283613,2.270129268680073,1.167983935214067,2.6514745166775837,2.9699080393196136,-1.084795,0.02362553730605931,0.42746400994639405,-0.7209697640217736,1.085052237469699,1.12524,1.084665726954108,1.037037629288722,1.0002371300288986,1.0372835420517241,1.0374071679759167,-0.536717767,1.5569371756913821,0.007849281352278067,0.18365334085123974,1.646851338300857,5.21374,1.0813227407318013,3.16588381643439,1.274667702156266,4.035449849588134,4.821631695705875,0.352061475,3.193094303263705,-0.020052342143665896,-1.025755821319578,3.2124443204068616,6.94656,2.4519524984059022,2.162390786315701,1.1659284767250488,2.5211929955733456,2.833072828497369,1.00144874,13.348995652159806,-0.05070900463551567,-1.1057720802879252,13.38650755425884,25.6641,10.102636279149927,1.9171617313908822,1.1680367488383459,2.2393153557311,2.54033692700253,col_20260201_134448_1hz
MEDIUM,0,100,1770048084.3209,1770048183.3052,1770048133.8286822,0.26196533999999994,0.06555415653690008,-0.4011269434158358,-0.9491945384323772,0.2700429351058457,0.380371,0.25746623758970016,1.4085574942033208,1.0308345947820645,1.4519897937643205,1.477362638149712,-0.04918700102000001,0.1411637009447807,0.04088911197862889,-1.0595581900319313,0.14948763003596305,0.299561,0.1135570437653565,2.003918317040233,1.1702336647790075,2.3450526760677723,2.63797814796046,-1.0883867999999999,0.018284653996179418,0.6444876098771567,0.6393213117134322,1.088540378206523,1.12573,1.0883095659027955,1.0341646690724973,1.0001411062744634,1.0343105961961319,1.0343839981468532,-0.9309922159999999,1.8719915307963293,0.24920123820141854,-0.5519191719262073,2.090717292611743,4.71756,1.4947049316080046,2.2564313294155522,1.2031450690948138,2.7148142277373775,3.1561814644746273,0.6660305029999999,1.8481715477203187,-0.10628464446514987,-1.035252722943825,1.9645189489361894,4.05344,1.4709960197452259,2.063324460267989,1.1731413946753269,2.420571334986505,2.7555750971386375,1.5406099200000003,15.09478078460418,0.0003665208936667787,-1.022306598230032,15.173196296787902,28.9618,11.17953399110383,1.908747467145804,1.1861418041415663,2.264045164330969,2.590608877172027,col_20260201_134448_1hz
MEDIUM,20,120,1770048104.3017,1770048203.2986,1770048153.830948,0.26329347999999997,0.06603522327386802,-0.44363831259724634,-0.837146699547549,0.271448166918364,0.380371,0.2587131957007148,1.4012656792572622,1.0309718528478715,1.444665473675991,1.4702419757514869,-0.03653320222,0.13730418541422376,-0.05832483172074661,-0.9970116502787834,0.1420813647059703,0.300781,0.10525849765162089,2.116963055798697,1.1852655551730868,2.509163391612157,2.8575460101616628,-1.0882010999999998,0.018462292647176845,0.5745014413095265,0.6375315316154491,1.088357703280957,1.12646,1.0881223863687193,1.0350089833555458,1.0001439102395295,1.0351579317462556,1.0352328139844829,-0.813892877,1.8639677308950318,0.21863542372007896,-0.4908109451881084,2.0339118262720515,4.71756,1.4157987168316453,2.319451580478194,1.2216526444256903,2.833564156908533,3.3320838223086,0.603358748,1.819705606177567,-0.06970752605091728,-1.0170227050211296,1.9171255232618947,4.05344,1.4351965894383811,2.114332082493624,1.1745555150846176,2.483400408213231,2.824309944595246,1.51419792,14.537170621406963,0.027447966495438642,-0.9385733498447828,14.615817630800887,28.9618,10.746953537355134,1.9815381343406249,1.1903317590967544,2.3586877731669764,2.694884638640357,col_20260201_134448_1hz
MEDIUM,40,140,1770048124.4049,1770048223.3434,1770048173.8273814,0.26734623,0.06323507801131505,-0.49301800566119736,-0.6924216593971306,0.2747229182036148,0.373535,0.2632048154054165,1.3596790629719113,1.0275922656684358,1.3971956889012422,1.4191799622839005,-0.047297368900000004,0.13660008257372477,0.04294250802428075,-0.8938149253697194,0.14455664517417077,0.300781,0.10652239928157325,2.080713755065362,1.1922921735945704,2.480818725655001,2.8236408682922947,-1.0868217000000002,0.019049807823440113,0.508486714274758,0.20684316138035586,1.086988639668787,1.12646,1.0867378271929815,1.0363125785226608,1.0001536035476535,1.0364717598111997,1.0365517531579995,-0.8046561609999999,1.8069651083549048,0.1310167512669207,-0.4191511376924417,1.9780279169534767,4.71756,1.3483873674346796,2.38498150585554,1.2378619372836739,2.9522778272240724,3.4986681972371225,0.602213617,1.955651348192799,0.04209791416027764,-0.8310962208120691,2.046273060026089,5.51145,1.4967159940944117,2.6934088649584873,1.19207435689166,3.2107436405416854,3.6823619322212853,1.2224410099999998,14.496871669516791,-0.02069780114825469,-0.8943316865648567,14.548321216737293,28.5802,10.830687721720322,1.964501578857055,1.1862206992405524,2.330332436530985,2.6388167339257738,col_20260201_134448_1hz
MEDIUM,60,160,1770048144.3288,1770048243.3717,1770048193.828972,0.26731207,0.06713323444230213,-0.43096696976188154,-0.8226430283472941,0.27561315994409624,0.381104,0.2626524441033931,1.3827496483741955,1.0310539286314166,1.4256894572699241,1.4509821193591423,-0.0322729556,0.13276156699230596,-0.1729309509966295,-0.820327466330316,0.13662787904894122,0.300781,0.09695695975314808,2.20146138616598,1.2147604079993688,2.674248131653842,3.1022115458837294,-1.0856058,0.0199723396316005,0.6227702626702369,0.13953703863693478,1.0857895041599914,1.12646,1.0855133847282794,1.0374570721895795,1.0001692181084436,1.037632628712927,1.037720967652527,-0.6806869470000002,1.8733324000408278,-0.0025535048309549215,-0.48714106980259597,1.9931655728661655,5.29771,1.333602551420873,2.6579377409082534,1.247931457222746,3.31692411821897,3.972480402317475,0.571450488,1.9354325488570745,0.09270308192838415,-0.7324022799524412,2.0180324108920624,5.51145,1.439630307780069,2.7311008337887337,1.209674260976853,3.3037423827666537,3.828378695707467,1.04778318,14.361264565914993,-0.06746455456781865,-0.7877695454810563,14.39943643079466,28.5802,10.276318905227757,1.9848137902729537,1.2110931042474522,2.403794294614823,2.781170987741604,col_20260201_134448_1hz
MEDIUM,80,180,1770048164.3352,1770048263.2976,1770048213.8297002,0.26726078,0.0703977111320503,-0.32056915657480795,-0.8142483655548518,0.27637684826851905,0.415283,0.26217643485035097,1.502596916499041,1.0341092631268944,1.5538493900975672,1.5839829397216478,-0.0460400438,0.13168482423466416,-0.04372143865695622,-0.8631412535094509,0.13950117765388328,0.300781,0.09988473516584467,2.156117998847784,1.2099714248958515,2.608841167309445,3.0112809479906524,-1.086145,0.0203939554035013,0.34678791868779374,-0.40399654423381115,1.0863364462458212,1.12646,1.0860489311916306,1.036934739594569,1.0001762621434718,1.0371175119344103,1.037209252408204,-0.7383969369999999,1.8579609661170648,-0.02263174453030673,-0.3716265217282304,1.9993121287546975,5.29771,1.3399465477640515,2.649766349039137,1.25297770290896,3.32009815326452,3.9536726363004617,0.540763492,1.9545118001247832,0.0862285607964475,-0.7125730130052776,2.0279402188198383,5.51145,1.4348319220003767,2.717757628579107,1.2147239843822177,3.301325375172781,3.841181615416104,1.2357961700000002,14.695023505510544,-0.08359715514957762,-0.8119419358908226,14.746894859640589,28.9084,10.618600836211117,1.9603042047256147,1.2055108589734178,2.3631680056879785,2.7224302378348906,col_20260201_134448_1hz
MEDIUM,100,200,1770048184.3013,1770048283.3017,1770048233.8301551,0.26579105000000003,0.06962594849441908,-0.2238464213639973,-0.8788885453583442,0.274759267293844,0.415283,0.26086939384535396,1.5114431046865167,1.033741607529087,1.5624416247273938,1.5919192124400152,-0.0309033457,0.12388006047454829,-0.19329953741678368,-0.8332664741998097,0.1276764902346217,0.300781,0.09033713169610728,2.3558056729729717,1.2148366818329865,2.861919146797811,3.329538965348409,-1.0875878,0.020858011965669207,0.26583830895887894,-0.28839252121174086,1.0877877915163416,1.13525,1.0874875109525652,1.0436318635434376,1.0001838853988079,1.043823772204874,1.0439200345442112,-0.6561069160000002,1.8606327258997073,-0.0339102591770346,-0.41270893667436725,1.9729243335495676,5.29771,1.331242040719345,2.68520688295667,1.2464583846956332,3.3469986339037674,3.9795242622726588,0.615343652,1.8927256841899085,0.14140140327214765,-0.7953108966264217,1.9902407707734395,5.51145,1.3994707975829817,2.7692378133014337,1.2181538872339865,3.373357806948486,3.9382386610130022,0.9400703599999995,14.374548589804203,-0.025510306199995513,-0.8156108707654166,14.405255271684444,28.9084,10.327303725585367,2.0067953989557914,1.2080225410449223,2.4242540772038335,2.7992204711071795,col_20260201_134448_1hz
MEDIUM,120,220,1770048204.2971,1770048303.4009,1770048253.833218,0.26311525,0.07095926517705423,-0.1752500623274284,-0.9236741339795564,0.27251578320719333,0.415283,0.25796710777689563,1.523886048406455,1.035727815879898,1.578331168565866,1.6098292669124312,-0.0314453215,0.12490585403582814,0.005497656001944983,-0.9247264791812766,0.128803263222086,0.290527,0.0957431127947641,2.2555872633371536,1.1809513570958547,2.6637388396861366,3.0344428076281225,-1.0877123,0.02144353682837791,0.17098521954346937,-0.4485344607688022,1.087923652120405,1.13525,1.0876064051070204,1.0435015341263647,1.000194308844724,1.0437042957039284,1.0438059160641773,-0.650152606,1.829683463987431,-0.055651442063054966,-0.3732184426017091,1.941762083644038,5.29771,1.3079429384326482,2.7283002612029437,1.2485688301854705,3.406470665524873,4.050413702564444,0.6746566520000001,1.8892674450523423,0.14277404835948243,-0.7767813022021732,2.006113924238216,5.51145,1.3652269046429428,2.7473265268785116,1.2372922632492143,3.3992458563261168,4.037021231603583,1.5165615,14.660284600200589,-0.07200638051335907,-0.8442154346839215,14.738517677913231,28.9084,10.545585242140094,1.9614184161356603,1.206044969331081,2.3655588135337497,2.741279818637491,col_20260201_134448_1hz
MEDIUM,140,240,1770048224.3023,1770048323.3217,1770048273.8374636,0.2648169,0.0737027824707453,-0.11847417676439145,-0.9765671313674815,0.27488195770101026,0.415283,0.2593301409075459,1.5107684894026558,1.0380076109229064,1.5681891903424592,1.6013680420898435,-0.0277124045,0.11812140915741377,-0.0794519773871904,-0.9651548507642453,0.12132866382065194,0.254883,0.0896950324088497,2.1007649138604885,1.1828209681062316,2.484828789176067,2.841662388148624,-1.0902588,0.021475792338351566,0.05507772327229994,-0.14090350340662505,1.0904702933294423,1.13965,1.0901529514433084,1.0450995382188737,1.0001939845194943,1.0453022713506188,1.0454037651241141,-0.9468702230000002,1.9219007658437464,-0.17809160491726486,-0.4498331563492459,2.1424905537609376,5.96183,1.4635358282014734,2.7826633772245,1.2439782766985237,3.4615727926318276,4.073579809335069,0.593358709,1.766789109787052,0.1601833461311544,-1.0584878085608151,1.8637645548749633,4.15267,1.3204319172379657,2.228108689554188,1.2116181614062191,2.699616953850866,3.144933067572626,0.5332794399999999,14.982720778652936,-0.004046726394021779,-0.9069313190465729,14.992208272706366,29.4046,10.754662652875767,1.9613254742152761,1.2030794361825976,2.3596303456894803,2.734125741465009,col_20260201_134448_1hz
MEDIUM,160,260,1770048244.2983,1770048343.2963,1770048293.837336,0.26584714,0.07220142256244264,-0.15725585037935866,-0.8470445159888116,0.2754773080785784,0.415283,0.260565979779395,1.5075034778601177,1.0362244561990714,1.5621119715638094,1.593772910614019,-0.036579603800000006,0.12426500023441113,0.042086882786497797,-1.0563417023528132,0.12953709004537337,0.266846,0.09917905210643974,2.0599968696728563,1.1641483771098218,2.3981420126809687,2.690547997107482,-1.0910474,0.02010308024258969,-0.2251512309875801,-0.5205858027638404,1.0912325888104697,1.13965,1.090954967607162,1.0443694696126233,1.0001697348900422,1.0445467355497113,1.0446352359526287,-1.0135114290000002,1.8669594975078687,-0.013936188162934621,-0.39447889781357626,2.1243218169685254,5.96183,1.5011586999316755,2.8064627272470988,1.225444818686753,3.4391652079424513,3.9714854933534673,0.593206212,1.7889201170190157,0.12159850105291055,-0.9119263907989832,1.8847092070212632,4.44275,1.3379777900870626,2.357260198787726,1.2111695580407533,2.8550417931527883,3.3204960746851477,1.3088518699999998,15.061316594226504,-0.05891131998488224,-0.95193842733052,15.11808026070523,29.4046,11.35399632389197,1.9449956272839848,1.1772803462409707,2.2898051255260636,2.5898017897120975,col_20260201_134448_1hz
MEDIUM,180,280,1770048264.3104,1770048363.3528,1770048313.836873,0.26598141999999997,0.0691580131071129,-0.12448612888871236,-0.8502570259737849,0.27482530189584076,0.395508,0.2611853918494012,1.4391251361197384,1.0332499988000696,1.4869760451688696,1.5142807076593658,-0.033488772,0.12544030149101043,-0.025374116718230366,-1.0329206070693124,0.12983361309084632,0.276855,0.09844958422975245,2.1323830817700564,1.1701509651814541,2.4952101212698348,2.8121500173520455,-1.0910622,0.019280646440407542,-0.34906664891051054,-0.4538784528081523,1.0912325451506657,1.13965,1.090977264239394,1.0443695113974532,1.0001561278089055,1.0445325665209555,1.0446138864264414,-1.0880151260000002,1.888199880936973,0.01930191792067022,-0.36458079713392877,2.179237413586504,5.96183,1.5045166148067706,2.7357413941367006,1.2352567681283997,3.3793430729563836,3.9626215764760397,0.5746564700000001,1.7441825123072658,0.11867629776379382,-1.0016992747003262,1.8364102740812975,4.44275,1.3490580456131125,2.419257865578311,1.1922377228223922,2.884330488577246,3.293223753008258,0.35908277,14.809639490680631,0.05581587346372441,-0.9180659068563286,14.813992111501818,29.4046,11.008978326042305,1.9849207275579552,1.1845692956884115,2.351276148240656,2.670965381995703,col_20260201_134448_1hz
MEDIUM,200,300,1770048284.2993,1770048383.2988,1770048333.8363688,0.26772456,0.07342402528877316,-0.15190125207785873,-1.0054592099139583,0.2776103879843116,0.395508,0.26232055252944253,1.4246873212192301,1.036925368312536,1.4772944252854503,1.5077278397986322,-0.0506274331,0.13065015555104542,0.08473183259782006,-1.024043538722677,0.1401163806548233,0.317383,0.10768434872881628,2.265138440750001,1.1636827700890566,2.6359025753671674,2.947345679726143,-1.0912501000000001,0.020293778923354808,-0.2827182750231486,-0.3834249169100681,1.0914387835389578,1.13965,1.091155973702364,1.044172167223817,1.0001729058617796,1.0443527107122372,1.0444427996238637,-1.4744272569999999,1.951318884247476,0.0360853972477333,-0.49676591422609695,2.445727115645848,5.96183,1.6671056812851808,2.4376513478796866,1.2403327497024037,3.023498799131382,3.57615600914034,0.553587668,1.844001362236846,0.11802182223851196,-0.8835403474818078,1.9253052563406725,4.58015,1.3539589471887201,2.3789214644877936,1.217841515293794,2.8971493210767463,3.3827835101721146,1.37847342,15.010546224635284,-0.060345114679184554,-0.8977233154352846,15.073708466451084,29.4046,11.088720818374423,1.9507210229947445,1.1904839276223425,2.322302025150257,2.6517576266574845,col_20260201_134448_1hz
MEDIUM,220,320,1770048304.2966,1770048403.8081,1770048353.931063,0.27049068,0.07093835993253297,-0.16511362946927932,-1.0033090092650314,0.2796380855262387,0.395508,0.2655207971131946,1.4143567005749977,1.0338178214725873,1.4621871629736005,1.489555636696098,-0.053295907100000005,0.1322831812139446,-0.020354481191883267,-1.1806783468683146,0.14261589583806267,0.317383,0.10721463669982673,2.225439163951133,1.1754086472946346,2.6158004373363033,2.9602581305068485,-1.0919165000000002,0.01915445767308487,-0.34978427219399083,-0.0627285437895222,1.09208449133801,1.13965,1.091832733707665,1.043554788149874,1.000153849985791,1.0437153390392029,1.0437954137260168,-1.623282197,1.9548666123646163,0.04974318193633868,-0.5990656406917085,2.540973939896877,5.96183,1.778610852654994,2.3462775065855084,1.2243633636578566,2.8726962200378017,3.3519586317043832,0.4648854929999999,1.9114794079122268,0.089441384606831,-0.8819210465981464,1.967199036313898,4.58015,1.399932500997277,2.3282595789504867,1.209078847158647,2.815049407603532,3.2716934543181297,0.11037885999999998,14.925649142992512,0.04991828069466991,-0.9139712996349094,14.926057276871477,29.4046,10.919998871198917,1.970017899205278,1.1921771311670686,2.348610287422323,2.692729216076525,col_20260201_134448_1hz
MEDIUM,240,340,1770048324.3215,1770048424.4873,1770048374.08003,0.26786374,0.06975810863413945,-0.25048571035528844,-0.9623667686612589,0.2767980797025153,0.394531,0.26295354398404436,1.4253386454993346,1.0333540467347886,1.4728794572942199,1.500382896622757,-0.058391126,0.13555110135418957,0.015452372780348457,-1.1773516666339745,0.1475927663331833,0.317383,0.11137748766276577,2.150396715808712,1.1749360890466067,2.5265787071709553,2.8496153635731836,-1.0902587,0.018479711667393508,-0.21970714301829095,-0.14151553688548546,1.0904153028406196,1.13794,1.0901805201878276,1.0435840335655366,1.000143638239823,1.0437339321392254,1.0438087811401582,-1.430228776,1.9474118108587324,0.050953540859996295,-0.6931871148123472,2.4161885507489984,5.47328,1.6667432828127902,2.265253677451343,1.2312149644694648,2.7890142259975796,3.2838170439561103,0.4974046390000001,1.898601593867617,0.015243493392379629,-0.8678131734621806,1.9626765875037528,4.58015,1.4144420606662007,2.333624413294349,1.200890117387135,2.8024264956185343,3.2381319301567957,1.49007492,14.561315763614585,-0.1000113670950027,-0.9409511657863896,14.637357686239126,29.229,10.965585457568448,1.9968768015745608,1.1783285725180768,2.3529769910938154,2.665521153713333,col_20260201_134448_1hz
MEDIUM,260,360,1770048344.3611,1770048444.5048,1770048394.3174198,0.26790283000000004,0.06965902481416963,-0.28131940988422427,-1.0355183712057554,0.2768109572615759,0.394531,0.2630015745491074,1.4252723371321718,1.0332513369178513,1.4726645478138471,1.5001088897524208,-0.05378418170000001,0.1315098114910232,-0.09270547502546495,-1.1872611519167504,0.14208296421296635,0.317383,0.10355768777070358,2.233786448347732,1.1929072331759047,2.664700011604324,3.064794191839686,-1.0917991,0.01771585217227779,-0.1883086822592167,0.09737009635473148,1.0919428218450817,1.13794,1.091727327073544,1.0421241636784568,1.0001316376291955,1.0422613464326906,1.042329867339982,-1.4449613739999998,1.9586736008737,-0.018876416074040604,-0.8501546117470062,2.4339917105675433,5.47328,1.6623239028873114,2.2486847330814346,1.2347634192980632,2.7765936499429844,3.2925472529712114,0.48793888499999993,1.8870021834923856,-0.045211926453072565,-0.878715681913933,1.9490668526246278,4.58015,1.426919110972028,2.3499193954442026,1.1931200426133262,2.803735929230269,3.209817546616197,0.33854939000000017,14.18226550062504,-0.05609240182654778,-0.9666320189444888,14.186305735450954,26.6718,10.395409153198605,1.8801089231672448,1.188201369077402,2.2339479965219606,2.5657287372660313,col_20260201_134448_1hz
MEDIUM,280,380,1770048364.3028,1770048464.4754,1770048414.5574198,0.26725099,0.06851244097585416,-0.3880485703885347,-1.0373822990006554,0.2758931790103735,0.382568,0.26243767282317393,1.3866526217584219,1.032337350781651,1.4314932940005198,1.457748027882292,-0.047702665500000005,0.13278943131427962,-0.12886200024116914,-1.169275180683756,0.14109775818408551,0.317383,0.10360688512540486,2.2493837186691588,1.1892916880952424,2.675173359949998,3.063338885401703,-1.0920922,0.018096172666063955,-0.01973839473820291,-0.011372181732218323,1.0922421181981585,1.13794,1.0920172300699764,1.0418386006549794,1.0001372761367204,1.0419816202331635,1.0420531550835337,-1.3892362569999996,1.959360301066985,-0.07219697829088376,-0.8577566507870107,2.401888874856761,5.47328,1.659003222699107,2.2787398939621655,1.2347347815146377,2.8136394051000626,3.2991376539313015,0.51000021,1.9532739701167527,0.0018634852709218624,-0.8035627493179596,2.018756898820585,4.91603,1.4537372152881864,2.4351768174127773,1.202788521568494,2.9290027239737846,3.3816496876469206,1.72221248,14.240844935144287,-0.23927184993015485,-0.9234420289799381,14.344604570816598,26.6565,10.469372765998727,1.8582945154327473,1.1879704853732675,2.2075990374651218,2.5461410722304243,col_20260201_134448_1hz
MEDIUM,300,400,1770048384.3245,1770048484.4861,1770048434.790367,0.26853516,0.06780026498483911,-0.4523272402924173,-0.9853744398517565,0.2769621058705324,0.373535,0.2638080510934759,1.3486863079190017,1.0313811639061805,1.3910096540058292,1.415934799759558,-0.04324222249999999,0.12959063196319656,-0.1929410234730874,-1.1184168089400293,0.13661486631900704,0.311768,0.09997078070231248,2.282094243477103,1.1950078310200454,2.7271204920809047,3.1185912304552836,-1.0914769,0.015779988954051912,0.1580421587791062,0.01603526322690918,1.0915909633580703,1.13281,1.0914197896473834,1.037760514721675,1.0001045036849339,1.0378689645195425,1.037923272736322,-1.140305257,1.9015765973284011,-0.028601307003885662,-0.7978029925419805,2.217270762592809,5.40458,1.569841981394809,2.437492114711353,1.220635660125901,2.9752897964923704,3.44275415236253,0.423740715,1.9156566392053995,-0.14675062975549072,-0.6185418344845224,1.96196242392163,4.91603,1.429951268475856,2.5056698028771063,1.193485278976903,2.9904800237107847,3.437900373514026,-0.015344360000000012,14.250287401300271,-0.10798424785185819,-1.0351017145841876,14.250295662513151,27.084,10.56067127711207,1.900592144992978,1.1771088224087478,2.237203781672,2.5646097003983646,col_20260201_134448_1hz
MEDIUM,320,420,1770048404.7811,1770048504.8368,1770048454.929368,0.26909916,0.07278391754662838,-0.39565438396610225,-1.0075211062246725,0.278768464081108,0.379395,0.26364277844652884,1.3609681469910262,1.035932122869161,1.4098706216697219,1.439049467751485,-0.0479980845,0.12818702086038047,-0.18561641905125661,-1.0661845144918167,0.13687851706067233,0.311768,0.09957245043031196,2.2776985512036685,1.201831385227277,2.737409604923267,3.1310668628989693,-1.0908566,0.016410966895341675,0.21358557939633474,-0.4431287614806356,1.0909800372133305,1.12427,1.0907947683790478,1.030513814782259,1.0001131562235865,1.0306304238338937,1.030688845043415,-1.028549537,1.9021341758687798,0.10467212496025065,-0.911241599365276,2.1624126740913527,4.87023,1.5691510561703634,2.252220428760886,1.1981898135940106,2.6985875757096283,3.1037356033052546,0.505572645,1.8298228256346603,-0.1422204162617255,-0.4718623634464758,1.8983822777791381,4.91603,1.3678390803924314,2.5895890714651633,1.2037758940486338,3.1172848997215485,3.5940119495559353,1.44488527,14.381528923058129,-0.21669203047561084,-0.9420954133920398,14.453929140832969,27.084,10.540830472642192,1.8738157449164836,1.1858613134165115,2.2220856003672003,2.569437016399625,col_20260201_134448_1hz
MEDIUM,340,440,1770048425.4874,1770048524.5393,1770048475.0186694,0.26828618,0.07365888797292286,-0.25391924455345855,-1.1210951067512716,0.2782141372331751,0.38501,0.262801195087857,1.3838620992768524,1.037005101169114,1.4350720562646948,1.4650237791775926,-0.04302005669999999,0.12391010443485678,-0.1655060225422901,-0.9913599750938915,0.13116569391242638,0.311768,0.09687784321208569,2.3769019985374675,1.1935011717048198,2.836835320281995,3.218155872003418,-1.0891255,0.017227145577547093,0.24998216187610267,-0.6803221157233632,1.0892617358995955,1.12256,1.0890572317507172,1.0305695711168117,1.0001250874206835,1.0306984824062975,1.0307630924000435,-0.77465639,1.9302550571988104,0.09854392487720619,-0.7911917937775361,2.079898340883375,4.40458,1.4737261059494347,2.117690039662845,1.2110707060158743,2.564672371457267,2.9887371759370374,0.547786688,1.9055296860542088,-0.12777331626498267,-0.45632874208674323,1.9827036187952705,4.91603,1.4030705366008787,2.4794578238511895,1.2162115814081904,3.0155453209809657,3.5037654000701375,0.06679246999999996,14.397800752782409,-0.031242881051417804,-1.0059392150278788,14.397955679570293,27.084,10.480986340783542,1.881100386941066,1.1860452491140554,2.2310701770380628,2.58410793787708,col_20260201_134448_1hz
MEDIUM,360,460,1770048445.4875,1770048544.4849,1770048495.0192177,0.26818117,0.07227965499544876,-0.23037429876273266,-1.0146241777541327,0.27775076681951755,0.38501,0.2629074761377505,1.386170790484908,1.0356833286226528,1.4356339783289036,1.4644315393993355,-0.04321047400000001,0.12669408106564775,-0.07557712556014913,-0.9342987241759935,0.13386013312548886,0.311768,0.1028168422157452,2.329057895883976,1.1732416085216633,2.7325476321069964,3.0322658552944386,-1.0876634,0.01847618717268258,0.10963676242754836,-0.7382182028622912,1.0878203165927727,1.12354,1.0875848483172992,1.032836014240943,1.0001442694428926,1.0329850209173168,1.0330596290839562,-0.8064122619999999,1.9070204673640814,0.19197243276339632,-0.735690439140193,2.070513897381391,4.25191,1.511565687319242,2.0535529876797503,1.1965647972240072,2.4572092142917743,2.812917781655094,0.62198496,1.8545709103478512,-0.1022877763003478,-0.46663054266184334,1.9560926746896885,4.91603,1.363233126620917,2.5131886968391575,1.222674580119431,3.072811934668717,3.606155032474524,1.31892939,14.38649798393641,-0.06713857158991834,-0.9662100281390469,14.44683006675209,27.084,10.630908311479198,1.874736525234769,1.1827749678995536,2.2173914334546745,2.547665656259573,col_20260201_134448_1hz
HIGH,0,100,1770048594.4783,1770048693.4757,1770048644.0113213,0.3068676518,0.12767053019326285,-0.5309310106001698,0.021303655111808872,0.332366544647735,0.561035,0.28931638774841406,1.6880008202829906,1.0799151737542283,1.8228976991331858,1.9391746328862263,-0.08278077530000001,0.1361788685346336,0.20418432745191095,-0.21732238573099227,0.15936543224502012,0.363281,0.10972708088097968,2.279547044063264,1.2362659412102128,2.81812637196183,3.310768837403492,-1.0886108399999999,0.03733672141169334,0.08983967440133427,0.7272640671669954,1.0892509314805658,1.20312,1.0882897928743458,1.1045388764227702,1.0005879892584626,1.105188333417661,1.1055143656381903,-1.6929766000000002,5.207982422811156,-0.23115827353431836,-0.8306504687303766,5.4762442133690055,13.1374,3.801683017249889,2.3989799373680274,1.2265977970114552,2.942583506250301,3.4556800081411057,1.0138923629999999,2.6432841437043506,0.09406190313774923,-0.6059555352225146,2.831064956532888,6.87023,1.9907159386221716,2.426729907466957,1.223103875012118,2.9681427534306337,3.4511352758621467,1.9599229800000006,19.7505547013898,-0.3604493859844737,-0.0020103507783928443,19.84756179232408,45.5115,11.456925601579469,2.293052440204584,1.3538372098577522,3.104419717704084,3.972400762882297,col_20260201_134448_1hz
HIGH,20,120,1770048614.4983,1770048713.4995,1770048664.0104184,0.2969751248,0.1284155847799176,-0.6802972735507855,0.3708346227230064,0.3235502853720636,0.5625,0.2812039770690314,1.7385241967972875,1.080549742707569,1.8785618735401919,2.000327327738735,-0.0597803007,0.12873168916229655,-0.07592037740764845,-0.016696028987290834,0.141934957450096,0.372559,0.09219109342622048,2.624857235265603,1.279976920802097,3.3597566815403725,4.041160443531943,-1.086467,0.03768831608496193,-0.006547251780515776,0.46330271969255943,1.087120486081612,1.20312,1.0861397987958101,1.1067034568877399,1.0006014780767496,1.1073691147545208,1.107702711321217,-1.8840448399999996,5.422093798963492,0.08729909991899534,-0.7256745697192555,5.740098093577233,13.1374,4.202175193833825,2.2887065318099404,1.190986055650116,2.7258175648609777,3.126333242668587,0.5686254930000001,2.4075000096333548,0.15932609679430657,-0.23678977079911023,2.4737403355393015,6.54962,1.6967105025573932,2.6476586511138867,1.2427996762556373,3.2905093144397752,3.860187103296634,2.1765669799999996,17.871874575163133,-0.4836446488014313,0.512335309212884,18.003925812132994,45.5115,10.084872112207604,2.5278653375326297,1.3875325145996389,3.507495348355915,4.512848501559969,col_20260201_134448_1hz
HIGH,40,140,1770048634.4848,1770048734.1704,1770048684.1487799,0.26431153269999996,0.15909328655887167,-0.6572297052296067,-0.33230797873918716,0.3084983956948989,0.5625,0.250009783152498,1.8233482178503955,1.1194271722935123,2.041105539614683,2.2499119550729456,-0.05042483569999999,0.11574594831794184,-0.4297898333535458,0.04666667143601444,0.12625287564008852,0.372559,0.0811533635151141,2.950895162673847,1.2961993238901992,3.8249483147287,4.5908017100315766,-1.08621064,0.03867899812237127,-0.08450088205018536,0.05595495933588257,1.086899084250677,1.20312,1.0858664431721496,1.1069288928782632,1.000633803633775,1.1076304684329,1.107981563999083,-1.1058776000000001,5.771198825649477,0.1313580809973109,-0.511192322178811,5.87619784821441,13.1374,4.207539904796496,2.2356973572617265,1.2089994975155793,2.7029569815263357,3.122347095276191,0.545037873,2.3064987767145095,0.14010351659647105,-0.2781953339170764,2.370021706649518,6.54962,1.6138614130522764,2.763527431678737,1.2438816830398678,3.437501152843391,4.058353429253125,1.13259732,18.2644896375444,-0.2826094129812579,0.2867496380782417,18.29957262914186,45.5115,10.458507545371548,2.4870252941056914,1.3762471797435967,3.4227615469639474,4.351624722988443,col_20260201_134448_1hz
HIGH,60,160,1770048654.5853,1770048755.0906,1770048704.451011,0.26201662580000007,0.16381745838145303,-0.6296260394071457,-0.43844426776270895,0.3090127373850087,0.5625,0.24754586029932918,1.820313313813869,1.1251609596019991,2.0481454749471077,2.2723062277019395,-0.0465258841,0.1291158634236581,-0.25676935249603916,0.44875904814855083,0.13724271958440404,0.385986,0.08671330016174665,2.8124333383135802,1.3139473377413442,3.69538929745213,4.451289470934895,-1.0821630900000003,0.038629651873423605,0.1380504506975607,-0.6158338665154779,1.08285234605749,1.16333,1.081817198822062,1.0743200624124958,1.0006369243821553,1.075004323054485,1.075348035940539,-0.6361834300000001,5.4221348679643455,0.17426181406310962,-0.41542639561106,5.459329252115253,13.0305,3.980149287304872,2.3868316780767977,1.20273818970383,2.8707336116178426,3.273872173981571,0.732824256,2.2783017067737634,0.16112731808914643,-0.25530627230948033,2.393259295870424,6.54962,1.6170848822806922,2.7366946871579643,1.2498682327625605,3.420507752248813,4.05026357723572,2.5916814200000005,16.98659843426452,0.05751435636956266,0.36246990520927325,17.183170224080627,43.1298,9.964600663188198,2.5100024871753623,1.374225481825419,3.4493093773215624,4.328301901684088,col_20260201_134448_1hz
HIGH,80,180,1770048674.4731,1770048775.089,1770048724.7662387,0.25558596679999995,0.16745178468059368,-0.6143514238976073,-0.5559794111034111,0.3055557013341539,0.5625,0.2408974150353102,1.8409082126235745,1.1329579805155388,2.085671650888475,2.3350188291458007,-0.044743654720000005,0.14277552652127706,-0.30854869816917646,-0.07744616966933204,0.14962234328846233,0.385986,0.0930422623499325,2.5797350283162164,1.3145991398097185,3.391317449161498,4.148501877010518,-1.08162615,0.039746606426555454,0.10811167081643201,-0.2748952978525723,1.082356189563422,1.16333,1.0812598838789758,1.0748125351130846,1.0006749462958362,1.0755379758523775,1.0759023037334938,-0.69984769,5.465917356957255,0.32384682508438284,-0.47977115050786967,5.510538933923334,12.4733,3.9998428871703764,2.263535409071032,1.2044190279646143,2.7262451171568176,3.1184474870271797,0.517327954,2.2687946648365314,0.14211519965653255,-0.5314115774158616,2.327027598285103,6.17557,1.6177776313102092,2.6538447608232363,1.2273647332307254,3.2572354669035697,3.817316966484767,1.0649632900000001,20.051871322447074,-0.02201664094352944,-0.30340824945538314,20.080131731167082,43.9847,12.706201083723771,2.19045873746584,1.2982478656692686,2.8437583807516273,3.4616719592406704,col_20260201_134448_1hz
HIGH,100,200,1770048694.5725,1770048795.0909,1770048745.0953202,0.2610522668,0.16309420296531218,-0.7425668543956918,-0.34359326199215223,0.30781163890000784,0.5625,0.24828117950902415,1.8274162796772193,1.1196032250160057,2.045981160173366,2.2655764770907862,-0.04055663182,0.15553185469093309,-0.2797926846757407,-0.30093522308577336,0.16073269178416866,0.396484,0.10315740029225923,2.46672904932369,1.2909042833156585,3.1843110955511134,3.843485769093694,-1.08098632,0.041304598695515726,0.26770243116683645,-0.18984447298135354,1.0817751586630837,1.16333,1.0805892550857625,1.07538982632741,1.0007297397279584,1.0761745810067236,1.0765700237391964,-0.9096948940999999,5.187477299968295,0.5363285629465222,-0.1768696188129253,5.26663702356997,12.4733,3.6956602578709044,2.3683614314367576,1.223084075775969,2.8967051524722773,3.375120852474127,0.6551907999999999,2.287250933435615,0.038909734630139234,-0.5892736782634427,2.3792418575896677,5.49618,1.7042956958020614,2.310055189415674,1.2128124175921497,2.801663619046515,3.224898128615782,2.7563351200000006,19.707020337209673,-0.1730426380414792,-0.15874934209712244,19.898845038467464,43.9847,12.521306776596115,2.2104147208026874,1.3029052235544516,2.8799608859554757,3.512788304349582,col_20260201_134448_1hz
HIGH,120,220,1770048714.4712,1770048816.5655,1770048765.6454847,0.25400145599999996,0.1675839969660153,-0.6361443409659555,-0.6504159718202271,0.3043043471415178,0.541016,0.23919191998498276,1.7778779865684886,1.1342014269317284,2.016471749276488,2.261848978987111,-0.052866193019999994,0.16038226847626091,-0.07866479005752439,-0.5361812921018103,0.16887067953324322,0.418213,0.11630646241123255,2.476528199897912,1.239107140486023,3.0686837761084997,3.595784716770907,-1.08009282,0.04150657805682853,0.190437402499426,-0.17947740030277703,1.080890047987093,1.16333,1.079692105630821,1.0762704330254795,1.0007381106256157,1.0770648396681315,1.0774645789600477,-0.4670993741,5.08238013543615,0.32087463179536296,-0.4741200733280695,5.103799532344564,12.1908,3.652664164751929,2.388573438816049,1.2116011275008824,2.893998271588185,3.3375091303604525,0.7178623199999999,2.447096254149593,0.0929260260093543,-0.6468546942134172,2.55021692950791,6.33588,1.843883308612207,2.484447470601088,1.2062334217475041,2.996823573615082,3.436161046855335,1.73526574,21.570451002600496,-0.15468664434380475,-0.5078045185394489,21.640136405392795,44.3435,14.130343137769273,2.0491321851811177,1.267179535108347,2.5966183697933602,3.1381757376771255,col_20260201_134448_1hz
HIGH,140,240,1770048735.2067,1770048836.5375,1770048786.1200113,0.2787963731,0.15204193854153145,-0.7968813738874848,0.21498975927120556,0.3175597089197262,0.61377,0.2646675025888052,1.9327703822626658,1.1018887740318786,2.129697986996534,2.319022902307618,-0.06553950572,0.16349126307941567,0.009348379580212327,-0.526991908176417,0.17613863833164092,0.418213,0.11954704588959196,2.3743399174721205,1.2434104450141916,2.9522790533989682,3.4983131275886308,-1.08191402,0.04204198838042273,0.06472981063991794,0.16747187485523352,1.0827305645725256,1.19409,1.0815045001761525,1.1028505512555107,1.0007547222398743,1.1036828970938006,1.1041008149346674,-1.0962591941000002,4.965032015671854,0.3557129810223742,-0.4842599255601332,5.084616714885724,11.8168,3.7076969451221204,2.3240296491582417,1.1958217870596832,2.7791252882360973,3.1870997481458914,0.4769464599999999,2.513957128975325,0.283384488359121,-0.6070070307433681,2.5588001821229405,6.33588,1.8519242847410333,2.476113627107592,1.2109928649065262,2.9985559351251125,3.421241382385127,-0.04045965999999913,20.63131707937657,-0.023161696896343585,-0.4308810235100342,20.631356751650205,44.3435,13.270538100448936,2.1493254434880136,1.27906148754652,2.7491193989693623,3.3414997692143227,col_20260201_134448_1hz
HIGH,160,260,1770048756.1128,1770048856.5357,1770048806.431973,0.265751917,0.161959430636168,-0.4828679796720134,-0.33678093768580775,0.3112152608102093,0.61377,0.24930476648939084,1.972171924995349,1.1287058820877087,2.22600205223049,2.4619264550889324,-0.06236324172,0.15467081110805964,-0.11312601544819958,-0.5754494592472752,0.16677000247842003,0.418213,0.11147023503135672,2.507723174340761,1.2528705744212614,3.1418525739258176,3.7517907796853227,-1.07694805,0.04346395739607128,-0.1703296986187729,0.31998931852307955,1.0778247621906496,1.19946,1.0765103329927328,1.1128525174742971,1.0008140710135922,1.113758458451176,1.1142113208198041,-0.061145774100000064,5.850307636740136,0.4766528514177044,-0.15646228591219602,5.850627167252263,15.3893,3.986244706742747,2.6303675759991316,1.245603174885494,3.2763942037803795,3.860600924466314,0.6149618440000001,2.4707004512995674,0.1995146478027291,-0.6243574995579868,2.5460830288165717,6.33588,1.8418011806944572,2.4884812978565507,1.2128614308838286,3.018182987645943,3.440045574089075,1.23068596,20.27509957083205,-0.057873030057749256,-0.4427696512437196,20.312416166948115,44.3435,12.72678065093361,2.183073625291052,1.291912649087199,2.8203404304021586,3.484266855557619,col_20260201_134448_1hz
HIGH,180,280,1770048776.1276,1770048876.5428,1770048826.7289276,0.266242627,0.16846971527879798,-0.4707957168476677,-0.29768081564644966,0.3150669474857374,0.61377,0.25428804888894585,1.9480621655109809,1.127254143046652,2.1959611469846863,2.4136800871363375,-0.0679638234,0.1560636905206983,0.01823145227659997,-0.5934208153068639,0.17022031838205065,0.418213,0.11725216240038623,2.4568923614708713,1.23040721760736,3.022978094438151,3.566782833155002,-1.0807321499999998,0.04577916347758551,-0.33644673014008397,0.026027425510684044,1.0817013043591701,1.19946,1.080250059660583,1.1088643372863394,1.0008967572207141,1.109858719387593,1.110354023379432,-0.031299648199999884,6.089914724271828,0.38600616444289754,-0.276584287883181,6.089995157377407,15.3893,4.081983596740247,2.526980662925066,1.2518662365193396,3.163441772253148,3.77005434619812,0.7049620600000001,2.586812352338982,0.19890511788643211,-0.4805099228741807,2.6811508074431356,7.16794,1.9392065689821998,2.6734564799940013,1.2180710283110197,3.256459883731052,3.696326175174892,2.9942726100000003,19.71239332096246,0.08259463828551226,-0.4631560676016844,19.9385084422913,44.3435,12.29933647361614,2.2240129008819736,1.3010739197528511,2.893605182531419,3.605357093459735,col_20260201_134448_1hz
HIGH,200,300,1770048796.2876,1770048896.6447,1770048847.0176752,0.254248027,0.17799753335452392,-0.3008861805169491,-0.5899182792323168,0.31036298283411246,0.61377,0.2405578261269679,1.9775876439751103,1.1516794291966481,2.2775470089995995,2.5514447394284665,-0.06884764460000001,0.14467973636779202,-0.03303413170277047,-0.48477634144402915,0.1602255419164551,0.418213,0.10522265872784563,2.610151883387387,1.2561415799152373,3.278720310616965,3.9745526776860096,-1.0811841100000001,0.04672088113293562,-0.4264811581675961,-0.11190054244216174,1.0821931068207422,1.19946,1.0806832566823656,1.1083604140889083,1.0009332331204368,1.1093947727367173,1.1099089326897429,0.11946368590000007,6.3605114576626605,0.310271341440991,-0.5880344178055945,6.3616332474693005,15.3893,4.457527436608834,2.4190800383096533,1.2202918419400348,2.951983635749257,3.4524296751626418,0.46893135,2.5757547788705484,0.2884454018415907,-0.49814407140027406,2.6180926820659516,7.16794,1.9049442894525546,2.73784807126986,1.2107536264618641,3.3148594809916028,3.7628082037296386,2.315418281,19.775405998139323,0.17725684907136702,-0.43051549699668046,19.91049583027087,44.3435,12.073970501285965,2.2271419244408004,1.3076027128246077,2.9122168222442077,3.672652670078753,col_20260201_134448_1hz
HIGH,220,320,1770048817.5484,1770048916.5375,1770048867.081146,0.2501586798,0.17481816606909167,-0.26116563008253246,-0.49818682824718463,0.30518970537526235,0.61377,0.23827123607335443,2.01110977595167,1.1501228325333652,2.313023272053076,2.5759298944965567,-0.066730954,0.15150146341516624,0.10774740859694812,-0.4805245114729235,0.1655467113496583,0.4021,0.11000194326729754,2.428921702652899,1.247179864259643,3.0293022394119435,3.6553899690928486,-1.08521501,0.04725499116527163,-0.2949340533031744,-0.20446983983067302,1.086243366893133,1.19946,1.084703113349164,1.1042276864996547,1.0009476065882401,1.105274059930299,1.1057956644897136,-0.31900997410000004,6.483719848640587,0.3505805817103982,-0.5578962689739626,6.491563019738097,15.3893,4.526496508869631,2.370661727107578,1.2221299214961605,2.8972566304439367,3.399825885172959,0.4774811399999999,2.450636905744084,0.22746578228886993,-0.4839824924844387,2.496719744554971,7.16794,1.8323493234884551,2.870942970524572,1.206856989682197,3.4648175909565495,3.911885090968115,2.575723471,18.42727560438221,0.3409225405840921,-0.33060972449462245,18.606419257850767,42.8702,10.918121941145099,2.30405428394888,1.3360378500052246,3.078303731822389,3.926517786767249,col_20260201_134448_1hz
HIGH,240,340,1770048837.5622,1770048936.5392,1770048887.0809312,0.2573144448,0.1751802226899746,-0.4217034123721281,-0.45905179655267814,0.3112857753326377,0.607666,0.24802412456651018,1.9521161843988941,1.1368330562451718,2.219230208055858,2.450027798957308,-0.048854982799999995,0.16041203065389428,0.015731877081893993,-0.6839993064288428,0.16768669870593256,0.4021,0.11062381914471868,2.397924242668475,1.2446669617659434,2.9846170816670714,3.6348410596272274,-1.08044695,0.04769122242706199,-0.2605370208384997,-0.2870303575709623,1.0814989895792275,1.19946,1.079922909485473,1.1090717712706017,1.0009737077597631,1.1101516830604223,1.1106903923090956,0.044273025899999985,6.448131095069745,0.29239968562601854,-0.3932292430133755,6.448283083118149,16.2443,4.391744416954948,2.519166697648277,1.2418044362254503,3.1283123807310482,3.6988263563987447,0.5351145599999999,2.4559100949212302,0.04972097352416774,-0.5106475886365671,2.5135317755421354,7.16794,1.8735105650100286,2.851740355840129,1.1938820318594736,3.4046415703660715,3.8259405278355776,3.9091586709999997,17.644825508759425,0.2849624676945838,-0.24070442238393097,18.07266966304707,42.8702,10.254812398044171,2.3721011228161872,1.3573514223107004,3.219774832919361,4.1804957844159425,col_20260201_134448_1hz
HIGH,260,360,1770048857.6168,1770048956.5324,1770048907.0771723,0.279289563,0.16465553332428925,-0.8076674444509478,0.20120378728911348,0.32421305441798165,0.553711,0.27561568487872257,1.7078615202401604,1.0978369687266087,1.8749535143852754,2.00899669495822,-0.06376222039000001,0.16274814645969046,0.11271430091212417,-0.5307105079410288,0.17479296303091776,0.449707,0.11651339759956851,2.5727980818109644,1.233612633244097,3.1738362165081857,3.859702053711851,-1.0889552700000003,0.04596830402654747,-0.037946167451309305,-0.519342208590956,1.0899250731292724,1.19019,1.0884699232569304,1.0919924950279913,1.0008905812350513,1.0929650030528801,1.0934523541437893,-1.1113749810000002,5.7192687060995375,0.3384566791508272,-0.3831132412305678,5.826249984420702,16.2443,4.056301005431953,2.788122727901651,1.2168402180941147,3.3926998682930027,4.004707732056032,0.2961068,2.468784233085678,0.105320232536431,-0.4464065828372359,2.4864783985666716,7.16794,1.849833112993186,2.8827678551850493,1.195378457303067,3.4459985914939755,3.8749117148204077,3.0228218409999994,17.471290180160327,0.33134382479690305,-0.036506653740718154,17.730861018060946,44.687,10.108386516101428,2.5202949791598437,1.356100676441784,3.417773726071496,4.420784655277977,col_20260201_134448_1hz
HIGH,280,380,1770048877.5418,1770048976.5741,1770048927.0698059,0.286135261,0.15667901363856737,-0.8449049678940571,0.2093149429197494,0.32622339110231274,0.553711,0.2766675199913938,1.6973369019585134,1.0969362460815302,1.8618703695700258,2.0013588874372537,-0.06137941608999999,0.16392211900285658,0.1257586984062909,-0.45554299960444666,0.17503683560306962,0.449707,0.11493673445802718,2.569213494123025,1.245765890268814,3.200638535796821,3.9126481374344673,-1.08755877,0.0422562162638481,0.07383153171070275,-0.4532942017333399,1.0883793759608136,1.17334,1.08714726244425,1.0780615894748868,1.0007545394175006,1.078875029438639,1.0792834057843843,-1.1370222349,5.270330357375607,0.3089278272977479,-0.12949534330449097,5.391586189474474,16.2443,3.7039947500824697,3.012898139644385,1.2263179696381514,3.6947711293352654,4.38561636720417,0.15137395200000003,2.4364995385486568,0.004894525408583281,-0.6022778581004653,2.4411972625521097,5.90076,1.798650592816102,2.417158207784957,1.1980551639102563,2.895888872824828,3.280659414100728,1.2099998809999999,18.86013478693341,0.08061942188925304,0.1938224926238754,18.898909595352738,45.3893,10.774755990859926,2.4016888260665197,1.357613137740646,3.260564303032816,4.2125594341536,col_20260201_134448_1hz
HIGH,300,400,1770048897.6332,1770048996.5465,1770048947.0708015,0.28833494800000004,0.15787632556164555,-1.1025118900431332,0.6668407029491017,0.32872781508568666,0.529297,0.28633017142174005,1.6101375536537201,1.0825273629871994,1.7430179600034221,1.8485547554134294,-0.058183597489999996,0.1706407885865633,0.02378507103628369,-0.6667774713741865,0.1802875751301862,0.449707,0.1243374206423054,2.494387090598258,1.2223695226362357,3.0490627572045814,3.6168274818384702,-1.08836164,0.039378266455881474,0.06327177345096481,-0.4165830257289729,1.0890737841361162,1.17334,1.0880046925896285,1.0773742028238482,1.0006543267512775,1.0780791575858921,1.0784328486738963,-1.3260301949000002,5.145176257982948,0.3910654594022464,0.24753076865516244,5.313303567790753,16.2443,3.615663393665341,3.0572881433827623,1.2370357600141408,3.781974762031717,4.49275782376758,0.23641197900000002,2.496623901188475,0.06650915108741835,-0.3127652093248221,2.5077921620023176,7.0458,1.8183183259131406,2.809562972066378,1.2122984532608099,3.4060288453749146,3.874899075474957,1.71290235,20.296515296011147,-0.10103063720690132,0.09394396715187181,20.36866631917392,45.9466,12.144924010446372,2.255749064765642,1.3322755806665856,3.0052793950987526,3.7831936997283266,col_20260201_134448_1hz
HIGH,320,420,1770048917.5566,1770049016.5634,1770048967.0709393,0.28421141099999997,0.1613454306939796,-1.097940714160784,0.4119747382059584,0.32681565774674365,0.502686,0.28112696802812503,1.5381331588143856,1.0880131531782964,1.673509108129733,1.7881102034640424,-0.024040530390000002,0.16638424784173048,-0.1682653746828732,-0.46456546871677595,0.16811206093344674,0.449707,0.11097232429008505,2.6750430486842514,1.2499536183814473,3.3436797380290177,4.052424808409457,-1.08660869,0.03978477637607004,0.18737821877079094,-0.5386177379823422,1.087336780217983,1.16602,1.0862429230684552,1.0723632468003548,1.0006700574224037,1.0730817917533864,1.0734431269813827,-0.8323659848999998,5.038084559078766,0.42354854595146196,0.25585273890023297,5.106381219341779,16.2443,3.531516899307218,3.181176512726936,1.2292100612169445,3.910334175950983,4.599808089035809,0.25213721899999997,2.502854417158578,0.09171535522272206,-0.17891392212900525,2.515522492583848,7.0458,1.8080551008848955,2.8009290399001063,1.2201778817491347,3.417631662834949,3.896894511982326,1.1917571399999998,20.72710812408218,-0.13300372399298563,-0.07289667018062174,20.761341388940515,45.9466,12.907620724889174,2.213084363829958,1.3017449426225716,2.880871378212739,3.5596490615348864,col_20260201_134448_1hz
HIGH,340,440,1770048937.5468,1770049036.6159,1770048987.073701,0.28167967069999994,0.1592015826684449,-0.9727378053414765,0.08523036380376059,0.32355614784732206,0.490234,0.2731320031141698,1.5151435176293697,1.0968732045361096,1.6619203255142403,1.7948610723404723,-0.03128174599,0.1598669177761277,-0.11200096771800312,-0.4063774370510411,0.1628986771935919,0.449707,0.10914999087391647,2.7606547072543726,1.2479340217939598,3.445114931608376,4.12008279981878,-1.0924878500000001,0.039032631638508564,0.0532854475262836,-0.4003110519398927,1.0931849105847784,1.18091,1.0921385412269218,1.080247256036762,1.000638048821118,1.0809365065249923,1.0812822324476812,-1.6535878308999998,4.875039300937944,0.18180512867916052,-0.4182513891982862,5.1478501240993895,13.1756,3.6516059604794586,2.5594373733452573,1.2055211911004093,3.0854559908620782,3.608165870741988,0.4112211389999999,2.492055218375957,-0.013055105909649435,-0.18953485270907988,2.5257557357344154,7.0458,1.8193260227853854,2.789580916442535,1.2176571433616432,3.396753129891572,3.8727528281120778,0.8561082599999998,21.357389974882256,-0.10206542077529782,-0.1576956634593718,21.374541583202227,45.9466,13.266926162241006,2.1495946390779395,1.3027253103823624,2.8003313433890704,3.463243816851005,col_20260201_134448_1hz
HIGH,360,460,1770048957.5711,1770049056.5612,1770049007.078981,0.25789303769999994,0.16832115970449232,-0.5483261514547981,-0.5539954428717535,0.3079623868241036,0.572998,0.24534347104570964,1.8606103359215573,1.1325014147106178,2.1071438376563614,2.335493166203903,-0.029135729399999998,0.15944634469105323,-0.17208805922313225,-0.4347407836924484,0.1620864817404838,0.409912,0.10800566789233039,2.5289709271147545,1.2584946700610404,3.182696432513246,3.7952823032272396,-1.09100095,0.037444771495463824,-0.11869094022421603,0.09083761602069051,1.091643340937529,1.18896,1.0906799746860154,1.0891469360119883,1.000588808779249,1.0897882352898043,1.0901089481745343,-1.288015294,5.1375750595717395,0.23207018211014607,-0.3264321058829043,5.2965706726439015,13.1756,3.772205526511749,2.4875718298351535,1.209790178614753,3.009439968333298,3.4928107462330664,0.561526515,2.497387322637337,-0.06292344071369854,-0.17344998834340508,2.5597373822948577,7.0458,1.8023193227822305,2.752547995249143,1.2259636252918853,3.37452371904555,3.9092961557574806,0.5816031699999993,21.033452291066588,-0.06370849520901661,-0.04662298003281018,21.041491808517957,45.9466,12.787457264812957,2.1836189381496243,1.3247442741258506,2.8927366851864846,3.593099006980107,col_20260201_134448_1hz
